EmployeeID,Age,Department,MonthlyIncome,JobSatisfaction,WorkLifeBalance,YearsAtCompany,OverTime,Attrition
1,50,IT,12135,4,4,21,No,No
2,36,Sales,13582,2,4,29,No,No
3,29,Sales,8445,3,3,9,Yes,No
4,42,Sales,13737,3,1,6,No,No
5,40,Sales,13603,2,4,19,Yes,No
6,44,IT,9570,3,4,13,Yes,Yes
7,32,HR,12196,2,2,3,No,Yes
8,32,IT,11212,3,4,7,Yes,Yes
9,45,Sales,3406,4,3,22,No,No
10,57,IT,12206,1,2,9,Yes,No
11,45,HR,7431,1,1,22,No,Yes
12,24,HR,13030,4,2,5,Yes,No
13,43,IT,14380,4,3,10,Yes,No
14,23,IT,8243,2,3,23,No,Yes
15,45,IT,9542,2,2,17,No,No
16,51,Sales,9936,2,1,12,Yes,Yes
17,59,IT,11906,3,2,23,Yes,No
18,23,IT,7146,2,1,16,No,No
19,42,IT,3140,4,2,3,Yes,No
20,54,HR,7882,1,3,25,No,Yes
21,33,HR,9012,3,4,22,Yes,No
22,43,Sales,3963,2,4,9,No,Yes
23,46,Sales,10151,3,1,29,Yes,Yes
24,48,HR,11564,3,1,15,No,No
25,49,HR,14827,2,1,5,No,No
26,37,HR,13733,3,3,23,Yes,No
27,36,IT,6610,1,2,13,No,No
28,24,IT,12884,4,3,14,Yes,No
29,58,HR,9894,4,4,20,No,Yes
30,28,IT,10311,1,1,15,No,Yes
31,42,IT,3105,3,2,16,No,No
32,30,Sales,8539,2,4,23,Yes,No
33,39,HR,12873,3,4,13,No,No
34,25,HR,13828,1,4,17,Yes,No
35,46,IT,9787,3,3,23,No,No
36,35,HR,5137,4,1,8,Yes,No
37,30,Sales,14608,3,4,21,Yes,No
38,47,Sales,7445,1,1,2,Yes,No
39,23,Sales,6530,4,3,5,No,No
40,41,HR,4286,3,4,6,Yes,No
41,49,HR,14371,3,3,12,No,No
42,28,HR,10052,4,3,18,Yes,No
43,29,HR,6654,2,1,22,Yes,No
44,56,HR,10102,4,4,22,Yes,No
45,35,Sales,5359,2,3,1,Yes,No
46,38,IT,11105,1,4,17,No,Yes
47,57,Sales,11636,1,1,11,Yes,No
48,25,HR,9441,4,3,10,Yes,No
49,23,Sales,8047,4,1,19,No,No
50,27,HR,11227,1,4,14,Yes,No
51,25,HR,8203,2,4,26,Yes,No
52,50,Sales,12667,1,1,10,Yes,No
53,39,HR,4798,4,2,15,Yes,No
54,47,IT,13037,1,3,28,No,No
55,55,HR,12600,4,4,19,No,No
56,31,IT,8291,4,4,4,Yes,No
57,57,IT,8495,1,3,2,No,Yes
58,35,HR,12900,2,1,9,No,No
59,52,Sales,14130,3,1,10,Yes,Yes
60,36,IT,9284,1,1,28,No,No
61,29,Sales,10285,3,2,11,Yes,No
62,35,IT,4300,1,2,14,No,No
63,44,HR,9869,3,4,7,No,No
64,42,HR,12435,2,1,23,No,Yes
65,37,IT,6097,2,3,15,Yes,No
66,39,HR,7616,1,4,22,No,No
67,45,IT,3009,4,3,19,Yes,No
68,47,HR,13617,3,4,22,Yes,No
69,46,Sales,8752,4,2,15,No,Yes
70,50,HR,12852,4,4,28,Yes,Yes
71,36,Sales,13823,4,2,24,No,Yes
72,22,HR,9295,2,4,8,Yes,Yes
73,46,Sales,7815,1,1,11,Yes,No
74,28,HR,4072,1,3,29,No,No
75,30,Sales,6225,2,1,9,No,No
76,45,IT,4316,2,4,15,No,No
77,22,IT,8699,1,4,1,No,Yes
78,29,Sales,9807,4,4,1,Yes,No
79,45,HR,9674,3,2,19,Yes,Yes
80,32,Sales,6683,3,3,3,Yes,No
81,38,HR,10227,3,3,10,No,No
82,29,IT,6273,4,4,8,Yes,Yes
83,56,HR,10000,1,4,15,No,No
84,56,IT,3145,2,2,10,Yes,No
85,54,HR,8010,1,1,1,No,No
86,26,HR,6040,4,1,29,Yes,No
87,49,HR,12654,2,3,18,Yes,Yes
88,28,Sales,12776,4,2,2,No,No
89,30,Sales,3482,3,4,19,Yes,No
90,29,IT,6179,3,3,13,No,Yes
91,33,IT,4249,4,2,22,Yes,No
92,55,Sales,3630,2,1,1,Yes,Yes
93,54,IT,11853,2,2,2,No,No
94,44,Sales,14695,1,1,29,No,Yes
95,45,HR,5852,3,2,16,Yes,No
96,58,IT,13658,1,3,15,Yes,No
97,56,IT,3987,1,1,13,Yes,No
98,43,Sales,10622,4,3,16,Yes,No
99,48,IT,10327,4,3,17,Yes,No
100,56,IT,12738,1,1,21,Yes,No
101,22,HR,11841,3,1,29,No,No
102,56,IT,12160,4,4,29,No,No
103,58,HR,13829,1,4,7,No,Yes
104,35,Sales,4100,1,4,24,Yes,Yes
105,24,IT,9652,1,3,26,Yes,No
106,22,HR,11632,1,3,17,Yes,No
107,26,Sales,10421,1,4,7,No,No
108,47,IT,8016,1,3,13,No,No
109,35,Sales,3769,4,3,5,Yes,No
110,48,IT,4343,3,1,26,Yes,No
111,30,Sales,7358,1,1,17,No,No
112,36,Sales,14921,2,3,3,No,No
113,36,HR,12769,4,4,7,No,Yes
114,47,Sales,9780,4,2,26,Yes,No
115,34,IT,9602,1,4,17,Yes,Yes
116,53,IT,14543,4,2,7,Yes,Yes
117,53,HR,5349,1,4,21,No,No
118,25,IT,14794,3,1,1,No,No
119,51,IT,8699,3,3,17,Yes,No
120,58,IT,4241,4,3,17,Yes,No
121,44,Sales,4125,4,1,11,No,No
122,36,Sales,13793,2,2,25,Yes,Yes
123,50,IT,12382,4,2,27,No,No
124,57,HR,9764,2,2,29,No,No
125,34,Sales,8101,3,1,3,Yes,No
126,53,HR,10843,3,2,15,No,No
127,28,IT,3072,1,1,29,Yes,No
128,43,IT,8472,3,4,21,No,No
129,49,Sales,13106,2,4,11,No,No
130,23,IT,8189,4,1,26,Yes,No
131,27,Sales,5472,1,3,28,No,No
132,49,IT,14238,2,4,16,Yes,No
133,49,IT,3707,4,2,25,Yes,No
134,41,Sales,4804,1,1,22,No,No
135,51,Sales,9704,3,2,28,Yes,No
136,32,Sales,6713,2,2,9,Yes,No
137,49,IT,8051,4,3,24,Yes,No
138,46,IT,13756,1,2,24,Yes,Yes
139,54,HR,5475,1,3,1,Yes,Yes
140,22,Sales,6610,3,4,29,Yes,No
141,48,IT,7255,4,1,25,No,No
142,34,IT,14015,3,2,22,Yes,Yes
143,24,Sales,10397,3,1,16,No,No
144,27,HR,4735,4,2,9,No,Yes
145,29,Sales,12777,4,1,19,Yes,No
146,48,HR,11258,4,2,12,No,No
147,30,IT,14253,2,2,19,No,Yes
148,58,HR,10979,4,2,22,Yes,Yes
149,54,IT,5428,1,2,9,Yes,No
150,45,Sales,10426,3,2,7,Yes,No
151,36,Sales,11533,2,2,14,No,No
152,53,Sales,8249,4,2,29,No,No
153,53,HR,13966,2,2,19,Yes,No
154,45,IT,8291,4,2,19,Yes,Yes
155,33,Sales,5817,2,1,2,No,No
156,23,Sales,13853,3,3,9,No,Yes
157,24,IT,12424,3,2,13,No,No
158,58,Sales,6874,1,3,15,No,No
159,38,IT,13593,1,2,3,Yes,No
160,23,IT,12686,4,2,11,No,Yes
161,23,IT,7211,3,1,21,No,No
162,49,IT,3661,2,4,14,No,Yes
163,44,IT,14811,2,4,25,No,Yes
164,58,HR,13060,2,1,8,Yes,No
165,53,Sales,13526,1,3,18,Yes,No
166,54,HR,6374,2,4,19,No,No
167,22,Sales,12208,1,1,16,No,Yes
168,40,HR,3207,1,1,2,Yes,No
169,23,IT,5665,4,4,8,Yes,No
170,47,Sales,5493,2,3,22,No,No
171,53,Sales,9813,2,1,6,No,No
172,27,HR,3632,3,2,12,Yes,No
173,53,HR,13294,4,3,15,Yes,No
174,25,Sales,14151,3,3,25,Yes,No
175,32,HR,6083,4,4,8,Yes,No
176,38,HR,13123,2,4,4,Yes,No
177,59,HR,6719,1,2,15,Yes,No
178,45,IT,10123,1,1,28,No,No
179,26,IT,13754,1,4,20,Yes,No
180,55,HR,4679,1,4,25,Yes,No
181,27,HR,3236,1,3,17,Yes,No
182,43,IT,10446,3,4,13,Yes,Yes
183,32,IT,7443,4,4,18,No,Yes
184,37,Sales,9770,2,4,2,No,No
185,54,Sales,12732,3,4,13,Yes,No
186,30,IT,9099,4,3,13,No,No
187,27,HR,11555,1,2,22,No,No
188,37,HR,5368,4,2,15,No,No
189,50,HR,3285,4,1,20,No,Yes
190,24,HR,3148,1,4,29,No,Yes
191,41,Sales,7037,1,3,27,No,No
192,57,IT,9549,1,1,10,Yes,No
193,40,HR,10121,2,1,29,Yes,No
194,47,Sales,12958,1,2,3,Yes,No
195,24,HR,7895,2,3,19,Yes,No
196,40,IT,8280,1,3,3,Yes,No
197,41,Sales,4012,2,3,22,No,No
198,53,IT,14023,4,2,14,Yes,Yes
199,28,IT,13699,3,2,8,Yes,No
200,54,Sales,12715,4,2,27,No,No
201,39,Sales,5785,4,2,23,No,No
202,22,Sales,13748,1,2,4,Yes,Yes
203,32,Sales,6725,2,4,27,No,No
204,49,Sales,7576,3,4,28,No,No
205,46,Sales,8782,1,3,20,No,No
206,44,Sales,9257,1,1,11,No,Yes
207,52,HR,12793,1,3,26,Yes,No
208,51,IT,5408,4,1,11,No,No
209,56,Sales,3340,2,2,27,Yes,No
210,28,HR,5817,2,1,11,Yes,No
211,37,HR,5496,3,3,2,No,No
212,47,HR,8962,2,3,17,No,No
213,23,IT,8299,2,1,9,No,No
214,22,Sales,12917,1,4,28,Yes,No
215,33,HR,10574,1,2,28,No,No
216,26,IT,4689,4,2,2,No,No
217,58,IT,6267,1,3,29,No,Yes
218,53,IT,7406,1,4,24,No,No
219,30,HR,11453,1,1,15,No,No
220,56,Sales,4442,1,2,16,Yes,Yes
221,40,HR,11597,4,4,25,No,No
222,37,HR,13382,1,2,4,No,No
223,24,Sales,7437,3,4,8,No,No
224,41,Sales,8435,3,4,9,Yes,Yes
225,45,Sales,11435,3,3,26,No,No
226,54,IT,7107,3,2,26,Yes,No
227,45,Sales,3560,1,1,5,Yes,No
228,32,HR,13917,3,3,16,No,No
229,29,Sales,11785,1,3,13,No,Yes
230,57,HR,8548,4,1,7,No,No
231,59,IT,4826,3,3,26,Yes,Yes
232,41,HR,14421,2,4,20,Yes,No
233,56,HR,14479,3,4,17,Yes,No
234,46,Sales,10629,3,2,3,Yes,No
235,56,Sales,11325,1,2,5,Yes,Yes
236,46,HR,6138,3,1,19,Yes,No
237,50,Sales,10693,2,2,12,No,Yes
238,39,IT,11264,1,4,29,No,No
239,39,IT,10842,1,1,27,Yes,No
240,23,Sales,9721,4,1,7,No,No
241,56,IT,10002,4,2,28,No,No
242,37,Sales,7225,3,4,9,Yes,Yes
243,57,HR,5978,4,1,28,Yes,No
244,54,HR,10373,4,4,6,No,Yes
245,25,IT,8907,4,4,29,Yes,Yes
246,54,Sales,9097,1,4,26,Yes,No
247,35,Sales,8656,1,2,17,No,Yes
248,42,IT,13177,1,3,16,Yes,Yes
249,41,HR,11984,4,3,23,No,No
250,29,IT,7259,1,1,3,No,No
251,28,HR,11286,4,4,21,No,Yes
252,24,Sales,8901,1,2,26,No,No
253,38,HR,12325,1,4,4,No,No
254,54,IT,7917,2,4,10,Yes,No
255,33,Sales,11429,3,2,5,Yes,No
256,43,IT,14138,4,3,21,Yes,Yes
257,43,IT,5530,2,4,22,Yes,No
258,51,HR,4960,1,4,10,No,No
259,59,IT,10045,4,3,12,No,No
260,59,HR,4048,1,2,10,Yes,No
261,29,Sales,8772,3,1,29,No,No
262,48,HR,5529,2,3,13,Yes,No
263,48,Sales,5964,3,1,11,Yes,No
264,55,HR,10137,2,1,22,Yes,No
265,42,IT,3963,1,3,16,No,Yes
266,51,HR,3536,3,4,8,No,Yes
267,54,HR,10340,3,1,8,No,No
268,49,Sales,10179,1,1,27,No,No
269,54,IT,10967,3,2,25,Yes,No
270,26,HR,14871,4,4,8,No,No
271,40,IT,14916,2,1,13,No,No
272,25,HR,11734,2,2,27,No,Yes
273,56,HR,3845,2,4,2,Yes,No
274,38,IT,14795,4,3,12,Yes,Yes
275,49,HR,8777,2,3,10,No,No
276,51,IT,6036,1,2,12,No,No
277,50,HR,8947,3,3,11,No,No
278,27,Sales,5494,4,1,15,No,No
279,56,IT,5719,2,4,16,Yes,Yes
280,58,HR,4884,1,1,17,No,No
281,45,HR,7349,3,1,26,No,No
282,50,Sales,14393,3,3,2,No,No
283,52,IT,8179,4,1,18,Yes,No
284,56,HR,13902,4,3,12,Yes,No
285,54,Sales,9610,4,4,19,No,No
286,42,HR,9430,1,4,26,No,No
287,53,IT,10154,1,1,23,No,No
288,44,HR,13145,4,2,18,No,No
289,54,HR,9488,2,3,17,No,No
290,24,HR,7737,3,3,6,Yes,No
291,39,HR,9525,3,1,25,Yes,No
292,46,Sales,6850,1,3,15,Yes,No
293,52,Sales,3689,3,3,3,No,No
294,24,IT,13142,2,2,6,Yes,Yes
295,45,Sales,8175,3,2,3,Yes,No
296,53,Sales,11648,1,1,29,Yes,No
297,43,IT,8078,1,2,1,No,Yes
298,44,Sales,13322,2,1,13,No,No
299,23,Sales,8448,2,4,28,Yes,No
300,48,IT,4179,3,1,21,No,Yes
301,23,IT,14757,3,4,26,Yes,Yes
302,47,IT,12074,1,1,14,Yes,Yes
303,38,HR,9406,2,3,13,Yes,No
304,54,HR,11591,2,2,27,Yes,Yes
305,30,IT,9907,2,4,4,No,No
306,50,IT,11800,3,1,7,No,No
307,47,IT,4638,2,2,22,No,No
308,56,HR,8671,1,1,10,No,No
309,46,HR,9928,1,2,7,Yes,Yes
310,45,Sales,13340,3,2,21,No,No
311,34,Sales,4382,4,1,15,Yes,No
312,28,IT,4403,3,4,15,No,No
313,57,HR,12011,4,4,4,No,No
314,41,HR,6292,2,3,23,No,No
315,22,HR,12011,3,2,23,Yes,Yes
316,29,IT,3419,1,3,6,Yes,No
317,37,Sales,7517,2,3,24,Yes,No
318,35,IT,6302,1,1,20,Yes,No
319,33,Sales,10857,2,1,26,No,Yes
320,44,Sales,12700,3,1,5,Yes,Yes
321,36,IT,10870,4,2,20,Yes,No
322,49,Sales,8693,2,1,12,No,Yes
323,55,Sales,3767,4,1,1,No,Yes
324,23,HR,5044,2,2,28,Yes,No
325,53,Sales,13331,1,2,8,No,No
326,44,IT,14221,1,4,1,Yes,No
327,43,IT,4549,2,1,5,No,No
328,46,Sales,12956,4,1,22,Yes,No
329,43,HR,9140,3,1,6,Yes,Yes
330,43,HR,13837,3,4,29,Yes,No
331,27,Sales,6716,1,1,21,Yes,No
332,36,Sales,7481,3,4,3,Yes,No
333,58,IT,10898,1,3,15,No,No
334,54,Sales,9548,3,4,5,Yes,Yes
335,29,HR,5293,2,3,28,Yes,No
336,26,Sales,7837,1,1,24,Yes,No
337,25,IT,10758,1,3,14,Yes,No
338,27,IT,13900,2,4,18,Yes,No
339,53,IT,9793,1,2,16,No,No
340,51,IT,10638,3,3,6,No,No
341,56,IT,10993,3,3,25,Yes,No
342,37,Sales,9007,1,1,24,No,Yes
343,34,Sales,8542,3,4,14,Yes,No
344,51,Sales,12092,4,3,27,No,No
345,40,Sales,14276,1,3,24,No,Yes
346,38,IT,9356,2,3,8,Yes,No
347,40,HR,13201,4,3,29,No,No
348,49,Sales,11433,1,2,7,No,No
349,47,HR,10380,2,4,8,Yes,No
350,58,Sales,5385,3,1,13,Yes,Yes
351,47,Sales,7268,2,1,6,No,No
352,44,HR,3671,4,2,18,No,No
353,30,IT,3163,3,4,2,No,No
354,33,Sales,11656,1,3,8,Yes,No
355,22,Sales,14234,3,2,11,No,No
356,22,Sales,7592,1,4,1,No,No
357,55,HR,7795,1,3,22,No,No
358,53,IT,13634,2,2,29,Yes,No
359,46,HR,7798,2,4,6,Yes,Yes
360,22,HR,9036,2,1,16,Yes,No
361,37,IT,5355,4,1,27,Yes,No
362,26,HR,8887,4,4,20,No,Yes
363,43,IT,10961,2,1,12,Yes,No
364,50,Sales,13749,4,4,11,No,No
365,24,IT,8827,3,3,29,No,No
366,33,Sales,11737,3,4,27,No,No
367,47,HR,7719,4,3,29,No,Yes
368,37,HR,3593,4,2,10,Yes,Yes
369,58,Sales,7839,3,4,3,Yes,Yes
370,43,HR,10394,1,2,13,Yes,No
371,50,IT,14996,3,1,27,Yes,Yes
372,35,Sales,12651,3,3,3,Yes,No
373,49,HR,6493,4,4,15,No,No
374,26,Sales,13793,3,2,16,Yes,No
375,51,IT,9164,4,3,29,Yes,No
376,26,IT,13636,4,3,13,Yes,No
377,33,HR,5672,2,1,17,Yes,No
378,37,IT,7200,3,1,3,No,No
379,47,Sales,3016,1,3,20,No,No
380,47,IT,6191,2,3,11,No,No
381,42,Sales,3392,4,4,27,No,Yes
382,57,Sales,11616,4,3,21,No,No
383,54,IT,9272,1,4,19,Yes,No
384,51,HR,3571,4,3,22,No,No
385,58,IT,6631,3,1,11,No,No
386,44,Sales,9172,2,4,28,No,No
387,31,Sales,12312,4,2,16,Yes,No
388,26,IT,10177,4,1,21,Yes,No
389,57,HR,11433,1,4,3,No,Yes
390,55,HR,6897,3,4,22,Yes,Yes
391,52,Sales,11123,4,2,6,Yes,No
392,31,Sales,5279,1,4,14,No,No
393,40,HR,11980,4,3,24,Yes,No
394,53,IT,10451,1,2,18,Yes,No
395,22,Sales,11906,1,1,17,Yes,No
396,26,Sales,14041,3,1,4,No,No
397,25,HR,3775,4,3,23,No,No
398,37,IT,9869,3,1,15,No,No
399,45,HR,5247,1,4,11,Yes,No
400,37,IT,10088,2,4,26,No,No
401,23,IT,3078,4,3,3,Yes,No
402,49,IT,11080,2,1,3,Yes,No
403,53,Sales,10099,4,1,16,Yes,No
404,48,HR,6926,3,3,5,No,No
405,41,HR,12047,3,2,21,No,No
406,45,IT,10340,3,1,29,No,Yes
407,33,Sales,10083,3,2,10,No,No
408,56,Sales,9230,3,1,19,Yes,Yes
409,54,HR,13340,2,1,25,No,No
410,54,Sales,12223,3,1,4,Yes,No
411,58,Sales,7940,1,1,29,No,No
412,33,IT,6271,1,4,29,No,Yes
413,24,Sales,14768,2,2,19,No,No
414,22,IT,6456,4,2,11,Yes,No
415,54,HR,10788,1,1,2,Yes,No
416,31,Sales,14698,4,1,10,Yes,No
417,50,HR,11599,2,2,29,Yes,No
418,34,HR,10650,4,4,11,Yes,No
419,33,Sales,5711,4,3,25,No,Yes
420,52,Sales,14280,4,3,20,Yes,No
421,23,HR,4668,4,2,16,Yes,No
422,56,Sales,3147,2,1,19,Yes,No
423,44,IT,9420,1,1,23,Yes,No
424,38,IT,13142,3,4,24,No,No
425,47,Sales,3365,4,3,11,Yes,Yes
426,29,HR,12866,1,4,14,No,No
427,50,Sales,7531,1,3,2,No,No
428,47,Sales,8330,2,2,23,No,Yes
429,31,HR,8510,1,3,28,Yes,Yes
430,47,HR,13738,2,4,5,No,No
431,55,IT,11754,4,4,27,Yes,Yes
432,28,HR,14754,4,4,5,Yes,Yes
433,25,IT,13681,3,2,19,Yes,No
434,32,HR,11964,3,3,21,Yes,Yes
435,50,Sales,9493,3,3,12,Yes,No
436,57,IT,13229,1,4,18,No,No
437,46,IT,14615,4,3,4,No,No
438,42,IT,13759,2,1,22,Yes,No
439,57,Sales,8439,3,1,17,No,No
440,31,Sales,12765,2,1,10,Yes,No
441,58,Sales,14886,2,3,20,No,No
442,30,Sales,9511,3,2,6,No,No
443,45,Sales,14483,4,2,25,No,No
444,56,IT,10504,3,2,14,No,No
445,56,Sales,4246,2,2,11,No,No
446,57,IT,14911,3,1,11,Yes,Yes
447,39,Sales,6839,2,1,29,Yes,No
448,53,HR,11551,2,4,18,No,Yes
449,45,IT,5376,3,3,27,Yes,No
450,44,HR,6009,1,3,23,No,No
451,53,IT,14185,3,2,22,Yes,No
452,58,HR,12154,1,1,18,No,No
453,33,Sales,14824,2,2,24,No,No
454,34,Sales,4827,2,4,23,No,No
455,44,Sales,9979,1,3,11,Yes,Yes
456,46,IT,12805,2,3,21,Yes,No
457,56,HR,12832,1,2,12,No,No
458,51,Sales,13408,1,4,5,No,No
459,38,HR,11569,2,3,23,Yes,No
460,41,HR,7285,4,4,9,Yes,Yes
461,46,Sales,9910,1,4,27,Yes,No
462,43,Sales,11561,3,2,25,Yes,No
463,34,HR,5196,3,1,9,Yes,No
464,40,Sales,6747,2,2,22,No,No
465,57,Sales,11843,4,1,10,Yes,No
466,33,Sales,8978,2,4,22,No,No
467,40,IT,8607,4,1,19,No,No
468,33,HR,3769,1,4,1,Yes,No
469,30,HR,13613,1,3,7,Yes,No
470,28,IT,3780,1,3,4,No,No
471,49,HR,12908,1,3,1,Yes,No
472,35,Sales,9303,3,2,15,No,No
473,52,HR,6983,3,2,8,Yes,Yes
474,40,Sales,12503,2,4,12,Yes,No
475,37,IT,14551,4,3,22,Yes,No
476,26,Sales,11714,1,2,22,No,No
477,56,HR,3521,1,3,18,Yes,No
478,33,HR,13512,4,2,15,No,No
479,46,HR,12127,4,1,17,Yes,Yes
480,42,IT,10569,2,1,29,No,No
481,57,IT,13422,4,3,14,Yes,No
482,44,HR,8784,1,4,14,No,No
483,37,Sales,7583,1,2,18,No,No
484,35,IT,8946,1,2,20,No,Yes
485,52,HR,7941,1,1,18,No,No
486,26,HR,9267,1,1,16,No,No
487,56,IT,10128,2,4,1,No,No
488,44,IT,14889,1,4,23,Yes,No
489,50,IT,14029,2,4,27,No,No
490,32,Sales,5461,1,3,11,No,No
491,39,Sales,14435,3,1,15,No,No
492,33,HR,14551,3,3,12,Yes,Yes
493,30,IT,3685,3,1,8,Yes,No
494,31,Sales,5160,3,1,22,Yes,Yes
495,38,IT,10031,2,2,20,No,No
496,59,HR,12759,2,1,6,Yes,No
497,28,Sales,8341,4,1,3,Yes,No
498,34,Sales,3038,1,3,28,No,No
499,30,Sales,13736,3,1,24,No,No
500,48,HR,7875,2,3,26,Yes,No
501,23,IT,4256,1,4,13,No,No
502,26,Sales,14182,1,1,13,No,No
503,50,HR,10697,2,1,2,No,No
504,58,IT,5196,3,3,5,No,No
505,59,HR,14660,4,4,17,Yes,No
506,40,IT,10165,1,2,6,No,No
507,29,HR,13900,4,4,2,Yes,No
508,22,IT,3301,3,3,4,Yes,Yes
509,43,Sales,10527,3,4,22,Yes,Yes
510,38,IT,9381,4,3,26,Yes,No
511,28,HR,3646,3,3,11,No,Yes
512,46,HR,12951,1,2,8,No,No
513,25,IT,11789,4,1,12,No,No
514,57,Sales,11853,3,3,8,Yes,Yes
515,27,Sales,7330,4,3,11,Yes,No
516,52,IT,12560,1,2,22,Yes,Yes
517,40,IT,13773,3,3,20,No,No
518,48,HR,10003,1,1,8,Yes,Yes
519,31,Sales,6537,3,2,29,No,No
520,47,IT,7558,2,1,8,No,No
521,40,Sales,9579,3,1,26,No,No
522,24,IT,11474,4,2,17,No,No
523,34,IT,14870,3,3,20,Yes,No
524,49,Sales,12678,1,1,20,No,No
525,41,IT,7082,1,1,23,Yes,No
526,49,IT,7183,3,1,16,No,No
527,29,HR,11652,4,1,14,Yes,No
528,22,IT,13517,2,2,11,Yes,No
529,24,IT,6754,4,2,7,No,No
530,34,IT,13660,2,4,16,No,No
531,49,HR,4724,1,4,13,No,No
532,46,Sales,4376,4,1,27,Yes,No
533,54,HR,13935,2,3,15,No,No
534,59,HR,11706,3,1,24,No,No
535,27,Sales,11894,1,3,16,Yes,No
536,53,HR,4653,3,1,27,No,No
537,42,Sales,5066,1,4,21,Yes,Yes
538,37,HR,3022,4,4,23,No,No
539,42,Sales,5460,4,3,24,Yes,Yes
540,32,IT,8926,1,1,9,Yes,No
541,58,HR,9251,1,3,3,No,Yes
542,57,HR,12496,1,4,19,Yes,Yes
543,56,HR,10295,4,1,20,No,No
544,40,HR,6300,2,1,5,No,No
545,41,IT,9279,3,3,10,Yes,Yes
546,39,HR,11553,3,2,17,No,No
547,35,IT,10353,4,3,15,Yes,No
548,36,IT,6727,3,4,23,Yes,No
549,52,IT,9272,1,4,25,Yes,Yes
550,22,IT,8995,2,4,8,Yes,No
551,24,Sales,12476,3,4,15,Yes,No
552,37,Sales,3514,2,4,21,Yes,Yes
553,44,HR,3448,1,2,14,Yes,No
554,32,Sales,9019,3,1,20,Yes,No
555,33,Sales,8343,4,3,28,No,No
556,31,HR,13047,2,3,7,No,No
557,53,HR,11033,1,4,21,Yes,No
558,37,HR,14754,2,3,23,No,No
559,29,Sales,5520,3,4,12,No,No
560,59,Sales,6081,3,2,17,No,No
561,33,HR,4428,4,2,17,No,No
562,45,IT,6967,1,1,10,No,No
563,49,HR,9445,1,2,29,No,Yes
564,29,IT,12114,4,2,19,Yes,No
565,49,IT,14329,4,1,14,No,No
566,57,HR,5159,1,3,11,No,No
567,47,HR,8132,2,4,2,No,No
568,29,HR,5547,2,4,18,No,No
569,49,Sales,5979,4,3,7,Yes,Yes
570,49,IT,13473,2,1,12,Yes,No
571,58,Sales,5649,1,3,26,Yes,No
572,57,Sales,11505,3,2,2,Yes,No
573,48,HR,13805,3,1,27,No,Yes
574,38,Sales,6083,2,1,20,Yes,No
575,30,HR,13448,4,1,18,Yes,No
576,54,IT,4037,4,4,6,Yes,No
577,41,HR,6489,4,3,24,Yes,No
578,34,Sales,10604,4,1,10,No,No
579,49,Sales,10544,4,1,20,Yes,No
580,50,HR,5634,2,1,15,No,No
581,34,HR,6983,3,3,5,Yes,Yes
582,56,Sales,4778,3,4,20,No,No
583,27,IT,10902,2,2,3,No,No
584,39,IT,8110,4,4,5,Yes,No
585,26,HR,8189,2,1,25,Yes,No
586,46,IT,10378,3,4,8,Yes,No
587,23,Sales,4124,1,4,8,Yes,No
588,31,HR,3697,2,2,8,No,No
589,51,Sales,5179,4,3,12,No,No
590,26,Sales,12596,3,3,24,Yes,No
591,54,IT,8251,3,4,23,Yes,No
592,22,HR,12235,3,4,8,No,No
593,39,HR,4929,3,3,11,Yes,No
594,53,IT,4013,4,3,14,No,No
595,32,Sales,3226,1,2,8,Yes,No
596,42,Sales,10321,3,1,29,No,No
597,47,Sales,4828,2,4,24,No,No
598,46,Sales,10909,1,3,28,No,No
599,43,HR,8588,3,4,10,No,No
600,48,HR,5023,1,4,7,No,No
601,34,IT,7966,2,3,28,Yes,No
602,54,IT,13644,3,2,17,No,No
603,55,HR,13277,2,4,4,Yes,No
604,56,HR,8891,4,2,29,No,No
605,22,Sales,4080,3,3,13,No,No
606,42,Sales,8036,3,1,4,Yes,No
607,27,IT,13512,3,1,5,Yes,No
608,49,HR,14382,3,4,26,Yes,No
609,38,IT,13822,4,3,22,Yes,No
610,26,HR,5563,3,2,4,No,No
611,52,Sales,6292,1,4,18,Yes,No
612,26,IT,6586,3,3,6,No,No
613,59,IT,7431,4,3,24,Yes,No
614,24,HR,9841,3,2,24,Yes,No
615,44,Sales,9643,1,4,23,No,No
616,58,IT,14139,4,3,22,No,Yes
617,58,Sales,6959,4,3,2,Yes,No
618,31,IT,14005,1,3,23,No,No
619,31,Sales,13775,1,2,11,No,No
620,40,HR,3161,1,4,28,No,No
621,38,IT,3593,1,4,14,No,No
622,42,IT,14451,1,4,5,No,Yes
623,35,Sales,14154,4,4,6,No,No
624,30,Sales,6390,4,1,10,No,Yes
625,22,IT,8997,3,1,8,No,No
626,34,HR,9354,3,4,14,Yes,No
627,25,Sales,3663,2,2,24,No,No
628,22,Sales,12324,3,1,3,Yes,No
629,53,Sales,3541,3,3,12,No,Yes
630,55,IT,8433,1,1,16,No,No
631,49,IT,8093,1,3,28,No,No
632,52,IT,14166,3,4,23,No,No
633,29,IT,3867,2,1,17,Yes,No
634,47,HR,13258,1,2,1,Yes,No
635,55,HR,11623,3,1,23,No,No
636,24,IT,8469,3,1,10,Yes,No
637,33,HR,9256,4,1,25,No,No
638,22,Sales,12398,2,4,23,No,No
639,26,Sales,13720,4,2,10,Yes,No
640,51,Sales,4169,2,1,21,Yes,Yes
641,51,IT,3830,1,2,24,No,No
642,38,Sales,4651,2,4,2,No,No
643,44,HR,4136,3,3,9,Yes,No
644,36,IT,5810,3,1,22,No,No
645,58,HR,11667,2,2,13,Yes,No
646,42,Sales,14002,2,2,25,No,No
647,35,Sales,12518,2,4,16,No,Yes
648,23,Sales,4019,4,1,18,Yes,No
649,32,IT,8237,2,3,19,Yes,No
650,59,HR,13028,1,2,12,Yes,No
651,55,IT,13640,4,1,8,No,No
652,59,IT,4283,4,3,17,No,No
653,55,Sales,3659,2,2,15,No,No
654,39,IT,5010,1,2,10,No,Yes
655,51,IT,11590,4,3,15,Yes,Yes
656,36,Sales,4733,3,3,15,No,No
657,48,IT,5125,4,4,23,No,No
658,55,Sales,5171,2,1,7,No,No
659,59,Sales,11266,1,1,13,Yes,Yes
660,54,Sales,6471,2,4,17,No,No
661,45,Sales,12028,3,2,9,No,No
662,36,IT,8624,3,3,8,Yes,No
663,51,Sales,11691,3,3,20,No,No
664,38,Sales,11329,2,3,26,No,Yes
665,26,IT,5097,4,2,27,Yes,No
666,50,IT,8068,2,3,21,No,No
667,25,HR,14888,1,3,18,No,No
668,31,IT,13077,4,4,13,No,No
669,38,IT,9397,3,2,16,Yes,No
670,31,HR,5757,2,1,9,No,Yes
671,38,IT,6920,3,4,12,No,No
672,41,IT,11186,3,4,12,Yes,No
673,45,IT,4900,1,1,6,Yes,No
674,26,IT,5610,4,4,19,No,No
675,55,HR,9900,1,2,28,No,No
676,27,IT,4449,1,3,7,No,No
677,23,IT,11738,1,2,25,No,No
678,34,HR,8017,3,1,3,Yes,No
679,32,Sales,10999,1,1,16,No,No
680,44,HR,9052,1,4,18,Yes,No
681,37,Sales,13195,4,2,16,Yes,No
682,52,HR,5096,4,2,23,No,No
683,32,HR,11895,1,1,7,No,No
684,37,IT,9404,4,2,4,Yes,Yes
685,29,Sales,13595,4,1,27,Yes,No
686,25,IT,12817,1,2,25,No,No
687,25,Sales,6331,3,2,8,Yes,Yes
688,46,HR,10462,1,2,13,No,Yes
689,24,HR,8105,4,1,13,No,No
690,53,Sales,5978,3,4,17,Yes,No
691,24,IT,5839,2,2,17,Yes,No
692,48,IT,6384,3,1,5,No,No
693,50,IT,13851,4,1,6,Yes,No
694,53,IT,13053,3,2,19,No,No
695,40,HR,14048,1,2,13,No,No
696,42,HR,3685,2,4,25,No,Yes
697,26,HR,10531,2,1,28,Yes,No
698,39,HR,7283,2,1,26,No,No
699,49,HR,10736,4,3,14,No,Yes
700,43,IT,10710,4,1,22,No,No
701,42,IT,4619,2,4,4,No,Yes
702,27,IT,9868,3,3,28,No,No
703,22,IT,4431,2,3,7,No,No
704,26,HR,12067,3,3,8,No,No
705,33,HR,7713,3,2,25,No,No
706,47,HR,13653,4,2,13,No,No
707,55,Sales,12557,3,1,27,No,No
708,35,IT,12435,2,3,6,No,No
709,47,IT,7998,4,4,6,Yes,No
710,48,HR,3162,1,2,24,No,No
711,30,IT,4974,1,4,28,No,No
712,47,IT,6291,4,4,21,No,No
713,43,HR,11461,2,2,3,Yes,No
714,51,Sales,3631,1,2,28,No,Yes
715,38,Sales,3905,1,2,3,Yes,Yes
716,47,Sales,14663,3,2,13,No,No
717,57,HR,14445,3,3,22,No,No
718,22,IT,5014,2,3,2,Yes,No
719,29,HR,12833,4,3,16,No,Yes
720,56,HR,10896,2,3,22,Yes,No
721,36,IT,3204,4,1,29,Yes,No
722,43,Sales,3581,1,3,6,No,No
723,35,Sales,8675,3,2,8,No,No
724,47,HR,12032,2,4,23,No,No
725,49,Sales,8347,2,3,8,No,No
726,44,HR,12911,4,1,25,Yes,No
727,35,HR,5643,4,2,6,Yes,No
728,45,IT,11017,2,4,14,No,No
729,23,IT,5297,4,4,3,Yes,No
730,47,IT,3874,2,3,10,Yes,No
731,35,HR,8560,2,4,3,No,Yes
732,28,IT,3689,2,3,27,Yes,Yes
733,24,Sales,7000,1,3,12,Yes,No
734,44,Sales,14333,4,2,17,No,No
735,39,HR,12614,3,2,27,Yes,No
736,59,HR,3671,3,1,29,No,Yes
737,56,IT,10927,4,2,5,Yes,No
738,36,HR,4171,2,2,20,No,No
739,46,HR,8591,3,3,25,Yes,No
740,58,Sales,14918,3,2,9,Yes,No
741,49,Sales,12135,4,3,21,No,Yes
742,31,IT,9342,3,3,26,No,No
743,38,HR,4449,2,2,20,No,No
744,43,HR,14929,4,1,7,No,No
745,47,Sales,5539,2,1,22,Yes,No
746,46,HR,6959,3,4,4,Yes,No
747,38,Sales,9285,3,4,13,Yes,No
748,34,IT,8432,2,2,13,No,Yes
749,41,Sales,7260,1,1,10,Yes,Yes
750,46,HR,5361,3,3,18,Yes,No
751,25,IT,9164,1,4,17,No,No
752,31,Sales,14844,3,3,20,No,No
753,24,Sales,6670,1,4,20,Yes,No
754,39,IT,4753,1,2,13,No,No
755,57,IT,11100,1,1,17,Yes,No
756,43,Sales,13544,2,4,22,Yes,No
757,55,HR,4938,1,1,4,No,No
758,29,Sales,11562,1,3,1,Yes,No
759,40,IT,8976,1,2,1,No,No
760,58,Sales,13123,3,1,15,No,Yes
761,27,IT,9588,1,2,13,Yes,Yes
762,47,IT,11616,3,1,17,Yes,No
763,55,HR,9304,1,3,24,Yes,No
764,27,IT,10345,1,3,26,No,Yes
765,58,IT,10875,2,2,8,Yes,No
766,54,HR,12086,3,3,18,No,No
767,43,IT,9633,1,4,27,No,No
768,42,HR,3597,3,1,13,Yes,Yes
769,27,HR,6062,3,3,23,No,Yes
770,27,IT,5336,4,4,14,Yes,No
771,25,IT,12879,2,2,8,Yes,No
772,51,Sales,3572,2,4,8,Yes,No
773,32,HR,10521,2,2,27,Yes,No
774,51,Sales,9171,4,2,26,Yes,Yes
775,52,IT,10097,4,1,15,Yes,Yes
776,45,Sales,5090,2,1,27,Yes,No
777,30,HR,9566,4,4,13,No,Yes
778,24,Sales,14861,4,1,7,Yes,No
779,52,HR,7624,4,1,5,No,No
780,58,IT,4633,2,1,17,No,Yes
781,57,IT,4517,2,4,28,No,No
782,45,HR,13849,2,3,25,Yes,No
783,52,IT,6648,4,1,29,No,No
784,27,IT,14780,2,1,16,No,Yes
785,23,IT,4537,4,4,23,Yes,No
786,41,IT,6137,1,3,2,Yes,No
787,49,HR,9985,4,1,22,No,No
788,32,Sales,3097,3,2,18,Yes,No
789,25,Sales,14407,2,4,17,Yes,No
790,36,IT,6750,2,1,7,Yes,No
791,27,Sales,14349,3,1,13,Yes,No
792,51,Sales,11535,4,2,18,No,No
793,59,IT,11174,1,2,29,Yes,No
794,23,IT,11103,3,4,14,Yes,Yes
795,36,Sales,8413,3,4,18,Yes,Yes
796,32,HR,7666,4,2,13,No,No
797,29,IT,3610,2,4,11,No,No
798,47,HR,4727,4,2,21,Yes,No
799,26,Sales,13482,3,1,21,Yes,No
800,27,IT,4854,3,2,16,No,No
801,47,HR,13800,2,2,23,Yes,No
802,25,IT,8055,2,3,17,Yes,No
803,40,Sales,13271,2,2,8,No,No
804,41,HR,5324,4,2,19,Yes,Yes
805,54,Sales,12369,2,3,20,Yes,Yes
806,41,Sales,12283,3,4,15,No,No
807,33,IT,8774,3,3,9,No,Yes
808,22,HR,9519,1,1,20,Yes,No
809,47,Sales,13983,4,3,10,No,No
810,35,Sales,4749,1,1,12,Yes,No
811,59,HR,13867,3,4,21,Yes,Yes
812,58,Sales,3781,1,3,23,Yes,No
813,32,Sales,10548,3,3,20,No,No
814,57,HR,14240,1,4,1,No,No
815,34,HR,9823,2,1,25,Yes,No
816,24,HR,5105,1,3,20,Yes,No
817,54,HR,6867,2,1,9,No,No
818,27,IT,10193,2,3,22,No,No
819,31,HR,7976,4,2,15,No,Yes
820,26,IT,5113,2,3,1,Yes,No
821,44,IT,8879,2,4,12,No,No
822,31,IT,6970,1,4,3,No,No
823,23,Sales,13183,3,1,11,Yes,No
824,34,IT,12259,4,3,2,Yes,No
825,23,IT,10264,2,1,16,Yes,No
826,41,Sales,4577,4,1,9,No,No
827,22,Sales,12203,1,2,15,Yes,No
828,58,Sales,5274,2,2,12,Yes,No
829,30,HR,7869,1,4,1,Yes,No
830,38,Sales,13006,4,1,13,Yes,No
831,30,Sales,9744,1,4,14,No,No
832,32,IT,5426,4,3,25,Yes,No
833,36,Sales,8546,1,1,25,No,Yes
834,45,HR,9852,4,1,8,No,No
835,59,Sales,5551,3,3,8,No,No
836,56,HR,9411,1,3,27,Yes,No
837,51,Sales,14849,1,4,12,No,No
838,52,Sales,3007,3,4,1,Yes,No
839,26,Sales,11087,3,3,11,Yes,No
840,35,Sales,5555,1,4,8,Yes,No
841,32,HR,3475,3,3,10,No,No
842,30,HR,8416,2,1,19,Yes,No
843,55,IT,13403,4,1,11,Yes,No
844,33,HR,11676,4,2,7,Yes,No
845,56,Sales,10239,4,1,11,No,No
846,56,IT,9710,2,3,17,No,No
847,22,IT,8000,3,4,1,No,No
848,43,IT,7654,3,2,26,Yes,No
849,50,Sales,11078,1,4,29,No,No
850,29,HR,9063,3,3,21,Yes,No
851,32,Sales,5285,1,1,21,Yes,No
852,58,IT,8223,2,2,8,No,No
853,35,Sales,9971,4,3,23,Yes,No
854,51,Sales,6525,4,2,24,No,No
855,56,HR,14531,4,2,6,Yes,Yes
856,42,HR,5822,3,1,22,No,Yes
857,58,IT,7943,1,3,18,Yes,No
858,26,Sales,9530,1,4,6,Yes,Yes
859,40,Sales,14116,2,2,5,Yes,Yes
860,35,HR,3258,3,2,13,Yes,No
861,47,Sales,3282,2,4,19,Yes,Yes
862,25,Sales,4898,1,3,22,No,Yes
863,46,Sales,7135,1,2,8,Yes,No
864,46,HR,9629,4,2,9,No,No
865,39,IT,14168,3,2,17,No,No
866,29,IT,13459,1,3,3,No,Yes
867,35,Sales,6200,4,3,19,Yes,No
868,53,IT,8110,3,4,11,Yes,No
869,59,HR,10167,2,3,24,Yes,No
870,54,HR,3612,3,3,17,No,No
871,44,IT,3687,3,1,21,Yes,No
872,36,IT,6690,1,4,19,Yes,No
873,54,Sales,11804,1,2,2,No,Yes
874,46,IT,5307,3,3,8,No,No
875,38,Sales,10133,1,2,19,No,No
876,54,Sales,14205,1,2,7,No,No
877,23,HR,9509,1,1,28,No,Yes
878,35,HR,12973,4,3,27,No,No
879,27,HR,8906,4,4,17,Yes,No
880,27,HR,5591,3,3,6,No,Yes
881,24,IT,13888,1,2,19,Yes,No
882,28,HR,10183,4,4,24,Yes,Yes
883,29,IT,8248,3,3,6,Yes,No
884,36,HR,11766,1,2,28,No,No
885,50,IT,13102,2,2,2,Yes,No
886,54,Sales,8108,1,1,6,No,No
887,51,IT,6604,1,1,23,No,No
888,48,IT,3669,4,1,5,Yes,No
889,57,HR,7364,3,2,19,No,No
890,50,IT,10329,3,3,20,Yes,No
891,59,Sales,4283,4,1,4,Yes,No
892,54,Sales,3923,1,3,22,No,Yes
893,58,HR,4125,2,1,26,Yes,No
894,48,Sales,4529,1,4,17,Yes,No
895,54,IT,12786,1,4,11,Yes,No
896,25,Sales,11438,2,1,4,No,No
897,43,HR,6711,4,2,26,Yes,No
898,23,IT,11004,3,1,13,No,No
899,31,HR,12752,4,1,20,No,No
900,26,IT,9274,4,2,26,Yes,No
901,31,Sales,13592,1,4,17,Yes,No
902,54,HR,13435,3,3,9,No,No
903,59,HR,6864,3,1,4,No,No
904,34,IT,13131,4,2,23,Yes,No
905,52,HR,10833,2,1,28,Yes,No
906,57,IT,14261,4,2,14,No,No
907,45,IT,9788,2,3,19,No,No
908,36,IT,3226,3,3,26,No,No
909,50,IT,14739,4,4,28,No,Yes
910,29,Sales,3264,1,2,3,No,No
911,26,IT,12587,4,2,14,Yes,No
912,50,HR,14749,3,4,8,No,Yes
913,25,Sales,3645,1,4,24,No,No
914,33,HR,10544,1,2,27,Yes,No
915,23,Sales,8569,2,4,28,Yes,No
916,48,IT,5990,1,3,1,No,No
917,52,Sales,13091,1,1,10,No,Yes
918,57,Sales,5504,4,3,18,Yes,No
919,57,HR,13964,3,4,16,No,Yes
920,47,HR,12346,2,2,8,No,No
921,48,IT,3587,4,2,1,Yes,No
922,26,Sales,13013,1,3,12,No,No
923,41,Sales,12177,1,2,8,Yes,Yes
924,32,Sales,7079,2,4,24,Yes,No
925,31,IT,6348,3,3,16,Yes,No
926,59,IT,9299,2,2,18,Yes,No
927,27,IT,6831,4,1,4,No,No
928,29,IT,12433,2,1,6,Yes,No
929,44,IT,11381,1,4,12,No,No
930,47,HR,12172,4,2,27,No,Yes
931,33,Sales,12890,1,4,9,No,No
932,47,Sales,4715,3,3,15,No,No
933,34,Sales,13785,1,1,16,No,No
934,39,Sales,9450,1,3,24,Yes,No
935,46,Sales,8433,2,2,12,Yes,No
936,54,Sales,4098,1,4,24,Yes,No
937,33,Sales,10096,4,4,23,Yes,No
938,57,Sales,5326,4,4,14,No,Yes
939,25,HR,14439,3,3,13,Yes,No
940,26,Sales,12087,4,1,25,No,No
941,58,HR,9416,2,3,2,No,No
942,29,IT,9980,3,3,3,Yes,No
943,49,Sales,9763,4,2,26,Yes,No
944,52,IT,4674,2,2,24,Yes,No
945,30,IT,14101,4,2,22,Yes,No
946,50,IT,10950,4,1,10,No,No
947,35,HR,12122,1,1,9,No,No
948,43,IT,11915,4,2,26,Yes,No
949,32,IT,14132,4,2,20,No,No
950,44,IT,9049,2,1,8,No,No
951,22,Sales,4089,2,4,10,No,Yes
952,58,Sales,7578,1,1,19,Yes,No
953,42,HR,12127,4,1,3,No,No
954,47,HR,13487,1,1,24,Yes,No
955,57,Sales,3155,4,2,5,Yes,No
956,44,HR,12262,3,4,3,No,No
957,22,Sales,4958,3,1,26,No,No
958,36,IT,13693,1,2,27,Yes,No
959,42,IT,9344,1,3,16,No,Yes
960,30,HR,8779,1,3,17,No,No
961,30,Sales,9144,2,1,15,Yes,No
962,31,Sales,8063,2,3,3,Yes,No
963,47,HR,6830,2,4,12,Yes,No
964,56,Sales,12046,1,3,9,Yes,Yes
965,46,IT,11831,4,3,21,No,No
966,47,HR,13430,3,4,12,No,No
967,32,HR,12794,1,1,26,Yes,Yes
968,59,Sales,9659,2,1,15,Yes,No
969,23,HR,3441,2,4,2,Yes,No
970,28,Sales,9040,1,4,23,No,No
971,39,Sales,8925,1,4,18,Yes,No
972,48,Sales,10358,2,3,20,No,Yes
973,55,Sales,7628,4,4,12,Yes,No
974,48,Sales,9370,2,2,23,Yes,No
975,38,HR,12528,2,3,4,Yes,No
976,45,IT,14892,1,1,23,No,No
977,46,IT,3948,4,1,16,No,No
978,28,HR,14565,2,1,23,No,No
979,27,HR,11179,2,3,16,Yes,No
980,45,IT,9115,3,2,1,No,No
981,54,IT,3459,1,4,22,No,No
982,50,IT,10568,3,4,25,Yes,No
983,43,IT,7646,3,1,2,Yes,No
984,47,IT,3392,2,1,3,No,No
985,49,Sales,4787,1,3,26,No,No
986,42,HR,10374,4,2,21,No,No
987,28,Sales,13449,2,4,25,No,No
988,38,IT,4138,4,3,20,Yes,No
989,41,IT,7741,4,4,17,Yes,No
990,41,IT,10418,1,1,20,Yes,No
991,43,Sales,9362,3,4,22,No,No
992,49,Sales,5454,1,2,21,No,Yes
993,28,IT,12658,4,2,29,Yes,Yes
994,22,Sales,6674,2,1,1,Yes,No
995,53,Sales,4377,4,2,20,No,No
996,34,IT,9701,2,2,6,No,No
997,51,Sales,5597,2,3,29,Yes,Yes
998,44,HR,3141,1,4,15,Yes,Yes
999,40,HR,5659,4,1,26,Yes,No
1000,53,HR,7596,3,1,26,No,No
